product_id,product_name,category,price,description
PROD1001,Lightweight Granite Headphones,Electronics,638.55,"The Lightweight Granite Headphones is a Electronics. Priced at $638.55. Additionally, it delivers deep bass and crisp highs and offers active noise cancellation."
PROD1002,Intelligent Leather Mug,Home & Kitchen,485.43,The Intelligent Leather Mug is a Apparel. Priced at $485.43.
PROD1003,Handcrafted Leather Lamp,Electronics,557.56,The Handcrafted Leather Lamp is a Sports & Outdoors. Priced at $557.56.
PROD1004,Ergonomic Leather Desk,Home & Kitchen,122.75,The Ergonomic Leather Desk is a Books. Priced at $122.75.
PROD1005,Lightweight Steel Watch,Electronics,759.55,"The Lightweight Steel Watch is a Sports & Outdoors. Priced at $759.55. Additionally, it features fitness and health tracking sensors and water-resistant design suitable for daily use."
PROD1006,Handcrafted Leather Headphones,Electronics,802.26,"The Handcrafted Leather Headphones is a Books. Priced at $802.26. Additionally, it delivers deep bass and crisp highs and offers active noise cancellation."
PROD1007,Durable Wooden Keyboard,Electronics,562.03,The Durable Wooden Keyboard is a Beauty & Health. Priced at $562.03.
PROD1008,Intelligent Leather Desk,Home & Kitchen,849.84,The Intelligent Leather Desk is a Electronics. Priced at $849.84.
PROD1009,Ergonomic Steel Bookend,Home & Kitchen,697.44,The Ergonomic Steel Bookend is a Sports & Outdoors. Priced at $697.44.
PROD1010,Handcrafted Steel Desk,Home & Kitchen,332.92,The Handcrafted Steel Desk is a Sports & Outdoors. Priced at $332.92.
PROD1011,Handcrafted Ceramic Watch,Electronics,55.49,"The Handcrafted Ceramic Watch is a Apparel. Priced at $55.49. Additionally, it offers smart notifications and app integration and features fitness and health tracking sensors."
PROD1012,Sleek Wooden Bookend,Home & Kitchen,548.72,The Sleek Wooden Bookend is a Books. Priced at $548.72.
PROD1013,Sleek Plastic Watch,Electronics,822.36,"The Sleek Plastic Watch is a Electronics. Priced at $822.36. Additionally, it offers smart notifications and app integration and water-resistant design suitable for daily use."
PROD1014,Modern Ceramic Keyboard,Electronics,519.73,The Modern Ceramic Keyboard is a Sports & Outdoors. Priced at $519.73.
PROD1015,Ergonomic Plastic Bookend,Home & Kitchen,169.31,The Ergonomic Plastic Bookend is a Beauty & Health. Priced at $169.31.
PROD1016,Intelligent Ceramic Bookend,Home & Kitchen,354.14,The Intelligent Ceramic Bookend is a Beauty & Health. Priced at $354.14.
PROD1017,Ergonomic Steel Lamp,Electronics,391.55,The Ergonomic Steel Lamp is a Apparel. Priced at $391.55.
PROD1018,Sleek Wooden Desk,Home & Kitchen,80.35,The Sleek Wooden Desk is a Apparel. Priced at $80.35.
PROD1019,Sleek Ceramic Mug,Home & Kitchen,761.87,The Sleek Ceramic Mug is a Beauty & Health. Priced at $761.87.
PROD1020,Handcrafted Leather Lamp,Electronics,825.78,The Handcrafted Leather Lamp is a Electronics. Priced at $825.78.
PROD1021,Handcrafted Wooden Chair,Home & Kitchen,140.95,The Handcrafted Wooden Chair is a Apparel. Priced at $140.95.
PROD1022,Intelligent Cotton Bookend,Home & Kitchen,248.75,The Intelligent Cotton Bookend is a Electronics. Priced at $248.75.
PROD1023,Sleek Wooden Keyboard,Electronics,756.85,The Sleek Wooden Keyboard is a Books. Priced at $756.85.
PROD1024,Sleek Wooden Watch,Electronics,285,"The Sleek Wooden Watch is a Sports & Outdoors. Priced at $285.00. Additionally, it offers smart notifications and app integration and water-resistant design suitable for daily use."
PROD1025,Sleek Steel Keyboard,Electronics,501.62,The Sleek Steel Keyboard is a Books. Priced at $501.62.
PROD1026,Lightweight Leather Bookend,Home & Kitchen,307.44,The Lightweight Leather Bookend is a Books. Priced at $307.44.
PROD1027,Sleek Cotton Keyboard,Electronics,74.27,The Sleek Cotton Keyboard is a Home & Kitchen. Priced at $74.27.
PROD1028,Rustic Cotton Lamp,Electronics,627.1,The Rustic Cotton Lamp is a Apparel. Priced at $627.10.
PROD1029,Durable Steel Desk,Home & Kitchen,367.76,The Durable Steel Desk is a Books. Priced at $367.76.
PROD1030,Intelligent Ceramic Mug,Home & Kitchen,684.8,The Intelligent Ceramic Mug is a Sports & Outdoors. Priced at $684.80.
PROD1031,Lightweight Plastic Shirt,Apparel,462.12,The Lightweight Plastic Shirt is a Sports & Outdoors. Priced at $462.12.
PROD1032,Modern Leather Shirt,Apparel,164.18,The Modern Leather Shirt is a Home & Kitchen. Priced at $164.18.
PROD1033,Intelligent Granite Mug,Home & Kitchen,708.92,The Intelligent Granite Mug is a Books. Priced at $708.92.
PROD1034,Rustic Leather Watch,Electronics,808.41,"The Rustic Leather Watch is a Books. Priced at $808.41. Additionally, it offers smart notifications and app integration and water-resistant design suitable for daily use."
PROD1035,Sleek Granite Shirt,Apparel,763.07,The Sleek Granite Shirt is a Apparel. Priced at $763.07.
PROD1036,Lightweight Cotton Desk,Home & Kitchen,144.91,The Lightweight Cotton Desk is a Books. Priced at $144.91.
PROD1037,Rustic Granite Desk,Home & Kitchen,336.58,The Rustic Granite Desk is a Home & Kitchen. Priced at $336.58.
PROD1038,Rustic Granite Desk,Home & Kitchen,821.77,The Rustic Granite Desk is a Electronics. Priced at $821.77.
PROD1039,Modern Ceramic Keyboard,Electronics,593.53,The Modern Ceramic Keyboard is a Books. Priced at $593.53.
PROD1040,Sleek Ceramic Shirt,Apparel,456.34,The Sleek Ceramic Shirt is a Beauty & Health. Priced at $456.34.
PROD1041,Ergonomic Leather Watch,Electronics,864.56,"The Ergonomic Leather Watch is a Sports & Outdoors. Priced at $864.56. Additionally, it water-resistant design suitable for daily use and features fitness and health tracking sensors."
PROD1042,Ergonomic Ceramic Shirt,Apparel,212.85,The Ergonomic Ceramic Shirt is a Electronics. Priced at $212.85.
PROD1043,Modern Ceramic Desk,Home & Kitchen,334.21,The Modern Ceramic Desk is a Electronics. Priced at $334.21.
PROD1044,Ergonomic Granite Keyboard,Electronics,274.02,The Ergonomic Granite Keyboard is a Books. Priced at $274.02.
PROD1045,Handcrafted Cotton Mug,Home & Kitchen,442.7,The Handcrafted Cotton Mug is a Apparel. Priced at $442.70.
PROD1046,Handcrafted Leather Lamp,Electronics,442.54,The Handcrafted Leather Lamp is a Apparel. Priced at $442.54.
PROD1047,Modern Granite Chair,Home & Kitchen,389.88,The Modern Granite Chair is a Books. Priced at $389.88.
PROD1048,Modern Cotton Chair,Home & Kitchen,757.71,The Modern Cotton Chair is a Apparel. Priced at $757.71.
PROD1049,Handcrafted Wooden Lamp,Electronics,131.75,The Handcrafted Wooden Lamp is a Home & Kitchen. Priced at $131.75.
PROD1050,Handcrafted Wooden Shirt,Apparel,148.91,The Handcrafted Wooden Shirt is a Home & Kitchen. Priced at $148.91.
PROD1051,Modern Ceramic Keyboard,Electronics,533.55,The Modern Ceramic Keyboard is a Books. Priced at $533.55.
PROD1052,Durable Leather Watch,Electronics,543.6,"The Durable Leather Watch is a Books. Priced at $543.60. Additionally, it water-resistant design suitable for daily use and features fitness and health tracking sensors."
PROD1053,Intelligent Ceramic Mug,Home & Kitchen,580.4,The Intelligent Ceramic Mug is a Apparel. Priced at $580.40.
PROD1054,Durable Steel Bookend,Home & Kitchen,210.85,The Durable Steel Bookend is a Sports & Outdoors. Priced at $210.85.
PROD1055,Rustic Granite Desk,Home & Kitchen,86.46,The Rustic Granite Desk is a Beauty & Health. Priced at $86.46.
PROD1056,Modern Plastic Watch,Electronics,259.79,"The Modern Plastic Watch is a Electronics. Priced at $259.79. Additionally, it water-resistant design suitable for daily use and features fitness and health tracking sensors."
PROD1057,Intelligent Steel Bookend,Home & Kitchen,69.83,The Intelligent Steel Bookend is a Beauty & Health. Priced at $69.83.
PROD1058,Intelligent Leather Shirt,Apparel,323.23,The Intelligent Leather Shirt is a Beauty & Health. Priced at $323.23.
PROD1059,Durable Granite Headphones,Electronics,59.1,"The Durable Granite Headphones is a Home & Kitchen. Priced at $59.10. Additionally, it features Dolby Atmos support for immersive 3D sound and offers active noise cancellation."
PROD1060,Handcrafted Steel Desk,Home & Kitchen,819.46,The Handcrafted Steel Desk is a Beauty & Health. Priced at $819.46.
PROD1061,Sleek Leather Desk,Home & Kitchen,769.5,The Sleek Leather Desk is a Beauty & Health. Priced at $769.50.
PROD1062,Rustic Granite Mug,Home & Kitchen,114.5,The Rustic Granite Mug is a Home & Kitchen. Priced at $114.50.
PROD1063,Durable Leather Bookend,Home & Kitchen,635.91,The Durable Leather Bookend is a Home & Kitchen. Priced at $635.91.
PROD1064,Intelligent Cotton Mug,Home & Kitchen,28.22,The Intelligent Cotton Mug is a Electronics. Priced at $28.22.
PROD1065,Ergonomic Wooden Shirt,Apparel,863.94,The Ergonomic Wooden Shirt is a Sports & Outdoors. Priced at $863.94.
PROD1066,Rustic Cotton Bookend,Home & Kitchen,890.48,The Rustic Cotton Bookend is a Home & Kitchen. Priced at $890.48.
PROD1067,Ergonomic Ceramic Watch,Electronics,463.02,"The Ergonomic Ceramic Watch is a Beauty & Health. Priced at $463.02. Additionally, it features fitness and health tracking sensors and water-resistant design suitable for daily use."
PROD1068,Modern Leather Headphones,Electronics,378.32,"The Modern Leather Headphones is a Electronics. Priced at $378.32. Additionally, it delivers deep bass and crisp highs and provides up to 30 hours of battery life."
PROD1069,Durable Cotton Bookend,Home & Kitchen,8.21,The Durable Cotton Bookend is a Apparel. Priced at $8.21.
PROD1070,Handcrafted Plastic Lamp,Electronics,305.91,The Handcrafted Plastic Lamp is a Home & Kitchen. Priced at $305.91.
PROD1071,Modern Plastic Lamp,Electronics,852.9,The Modern Plastic Lamp is a Electronics. Priced at $852.90.
PROD1072,Rustic Leather Headphones,Electronics,815.56,"The Rustic Leather Headphones is a Home & Kitchen. Priced at $815.56. Additionally, it delivers deep bass and crisp highs and features Dolby Atmos support for immersive 3D sound."
PROD1073,Rustic Wooden Lamp,Electronics,529.48,The Rustic Wooden Lamp is a Home & Kitchen. Priced at $529.48.
PROD1074,Lightweight Steel Keyboard,Electronics,344.06,The Lightweight Steel Keyboard is a Beauty & Health. Priced at $344.06.
PROD1075,Lightweight Plastic Mug,Home & Kitchen,723.89,The Lightweight Plastic Mug is a Beauty & Health. Priced at $723.89.
PROD1076,Modern Ceramic Mug,Home & Kitchen,499.74,The Modern Ceramic Mug is a Sports & Outdoors. Priced at $499.74.
PROD1077,Ergonomic Plastic Desk,Home & Kitchen,442.28,The Ergonomic Plastic Desk is a Sports & Outdoors. Priced at $442.28.
PROD1078,Durable Leather Keyboard,Electronics,573.1,The Durable Leather Keyboard is a Books. Priced at $573.10.
PROD1079,Ergonomic Steel Shirt,Apparel,158.99,The Ergonomic Steel Shirt is a Sports & Outdoors. Priced at $158.99.
PROD1080,Ergonomic Ceramic Bookend,Home & Kitchen,703.03,The Ergonomic Ceramic Bookend is a Books. Priced at $703.03.
PROD1081,Handcrafted Leather Watch,Electronics,722.32,"The Handcrafted Leather Watch is a Apparel. Priced at $722.32. Additionally, it water-resistant design suitable for daily use and offers smart notifications and app integration."
PROD1082,Handcrafted Wooden Keyboard,Electronics,400.23,The Handcrafted Wooden Keyboard is a Books. Priced at $400.23.
PROD1083,Handcrafted Leather Bookend,Home & Kitchen,355.32,The Handcrafted Leather Bookend is a Beauty & Health. Priced at $355.32.
PROD1084,Handcrafted Granite Watch,Electronics,762.77,"The Handcrafted Granite Watch is a Apparel. Priced at $762.77. Additionally, it features fitness and health tracking sensors and offers smart notifications and app integration."
PROD1085,Modern Wooden Keyboard,Electronics,766.16,The Modern Wooden Keyboard is a Beauty & Health. Priced at $766.16.
PROD1086,Durable Leather Headphones,Electronics,134.93,"The Durable Leather Headphones is a Beauty & Health. Priced at $134.93. Additionally, it delivers deep bass and crisp highs and provides up to 30 hours of battery life."
PROD1087,Intelligent Ceramic Headphones,Electronics,558.48,"The Intelligent Ceramic Headphones is a Home & Kitchen. Priced at $558.48. Additionally, it provides up to 30 hours of battery life and delivers deep bass and crisp highs."
PROD1088,Rustic Granite Keyboard,Electronics,702.58,The Rustic Granite Keyboard is a Sports & Outdoors. Priced at $702.58.
PROD1089,Modern Steel Desk,Home & Kitchen,811.23,The Modern Steel Desk is a Apparel. Priced at $811.23.
PROD1090,Intelligent Ceramic Keyboard,Electronics,378.11,The Intelligent Ceramic Keyboard is a Beauty & Health. Priced at $378.11.
PROD1091,Modern Plastic Headphones,Electronics,185.05,"The Modern Plastic Headphones is a Apparel. Priced at $185.05. Additionally, it provides up to 30 hours of battery life and features Dolby Atmos support for immersive 3D sound."
PROD1092,Intelligent Granite Lamp,Electronics,20.63,The Intelligent Granite Lamp is a Home & Kitchen. Priced at $20.63.
PROD1093,Intelligent Ceramic Chair,Home & Kitchen,539.33,The Intelligent Ceramic Chair is a Electronics. Priced at $539.33.
PROD1094,Durable Wooden Mug,Home & Kitchen,30.74,The Durable Wooden Mug is a Electronics. Priced at $30.74.
PROD1095,Sleek Ceramic Watch,Electronics,541.46,"The Sleek Ceramic Watch is a Books. Priced at $541.46. Additionally, it water-resistant design suitable for daily use and features fitness and health tracking sensors."
PROD1096,Durable Plastic Chair,Home & Kitchen,770.91,The Durable Plastic Chair is a Apparel. Priced at $770.91.
PROD1097,Sleek Cotton Mug,Home & Kitchen,317.21,The Sleek Cotton Mug is a Beauty & Health. Priced at $317.21.
PROD1098,Handcrafted Steel Chair,Home & Kitchen,57.17,The Handcrafted Steel Chair is a Apparel. Priced at $57.17.
PROD1099,Modern Ceramic Watch,Electronics,559.31,"The Modern Ceramic Watch is a Sports & Outdoors. Priced at $559.31. Additionally, it features fitness and health tracking sensors and water-resistant design suitable for daily use."
PROD1100,Intelligent Plastic Desk,Home & Kitchen,318.3,The Intelligent Plastic Desk is a Electronics. Priced at $318.30.
PROD1101,Lightweight Plastic Shirt,Apparel,455,The Lightweight Plastic Shirt is a Books. Priced at $455.00.
PROD1102,Ergonomic Granite Headphones,Electronics,224.03,"The Ergonomic Granite Headphones is a Beauty & Health. Priced at $224.03. Additionally, it delivers deep bass and crisp highs and offers active noise cancellation."
PROD1103,Durable Wooden Desk,Home & Kitchen,718.75,The Durable Wooden Desk is a Home & Kitchen. Priced at $718.75.
PROD1104,Sleek Wooden Mug,Home & Kitchen,237.74,The Sleek Wooden Mug is a Home & Kitchen. Priced at $237.74.
PROD1105,Modern Leather Headphones,Electronics,190.43,"The Modern Leather Headphones is a Electronics. Priced at $190.43. Additionally, it provides up to 30 hours of battery life and features Dolby Atmos support for immersive 3D sound."
PROD1106,Sleek Steel Desk,Home & Kitchen,793.15,The Sleek Steel Desk is a Home & Kitchen. Priced at $793.15.
PROD1107,Durable Steel Headphones,Electronics,843,"The Durable Steel Headphones is a Home & Kitchen. Priced at $843.00. Additionally, it delivers deep bass and crisp highs and features Dolby Atmos support for immersive 3D sound."
PROD1108,Durable Wooden Mug,Home & Kitchen,648.98,The Durable Wooden Mug is a Electronics. Priced at $648.98.
PROD1109,Handcrafted Plastic Chair,Home & Kitchen,292.19,The Handcrafted Plastic Chair is a Beauty & Health. Priced at $292.19.
PROD1110,Durable Plastic Keyboard,Electronics,137.37,The Durable Plastic Keyboard is a Books. Priced at $137.37.
PROD1111,Modern Cotton Mug,Home & Kitchen,884.38,The Modern Cotton Mug is a Apparel. Priced at $884.38.
PROD1112,Rustic Cotton Chair,Home & Kitchen,106.27,The Rustic Cotton Chair is a Books. Priced at $106.27.
PROD1113,Ergonomic Steel Chair,Home & Kitchen,94.06,The Ergonomic Steel Chair is a Apparel. Priced at $94.06.
PROD1114,Ergonomic Wooden Mug,Home & Kitchen,425.36,The Ergonomic Wooden Mug is a Home & Kitchen. Priced at $425.36.
PROD1115,Rustic Steel Headphones,Electronics,546.6,"The Rustic Steel Headphones is a Electronics. Priced at $546.60. Additionally, it provides up to 30 hours of battery life and offers active noise cancellation."
PROD1116,Handcrafted Plastic Bookend,Home & Kitchen,852.01,The Handcrafted Plastic Bookend is a Sports & Outdoors. Priced at $852.01.
PROD1117,Ergonomic Plastic Desk,Home & Kitchen,309.62,The Ergonomic Plastic Desk is a Home & Kitchen. Priced at $309.62.
PROD1118,Sleek Plastic Bookend,Home & Kitchen,189.05,The Sleek Plastic Bookend is a Sports & Outdoors. Priced at $189.05.
PROD1119,Lightweight Steel Lamp,Electronics,850.59,The Lightweight Steel Lamp is a Books. Priced at $850.59.
PROD1120,Intelligent Cotton Shirt,Apparel,722.35,The Intelligent Cotton Shirt is a Apparel. Priced at $722.35.
PROD1121,Durable Ceramic Mug,Home & Kitchen,587.84,The Durable Ceramic Mug is a Electronics. Priced at $587.84.
PROD1122,Rustic Leather Keyboard,Electronics,30.8,The Rustic Leather Keyboard is a Beauty & Health. Priced at $30.80.
PROD1123,Intelligent Granite Desk,Home & Kitchen,756.56,The Intelligent Granite Desk is a Home & Kitchen. Priced at $756.56.
PROD1124,Modern Leather Headphones,Electronics,369.23,"The Modern Leather Headphones is a Apparel. Priced at $369.23. Additionally, it provides up to 30 hours of battery life and delivers deep bass and crisp highs."
PROD1125,Rustic Ceramic Shirt,Apparel,339.22,The Rustic Ceramic Shirt is a Electronics. Priced at $339.22.
PROD1126,Handcrafted Cotton Chair,Home & Kitchen,32.47,The Handcrafted Cotton Chair is a Books. Priced at $32.47.
PROD1127,Ergonomic Leather Mug,Home & Kitchen,458.73,The Ergonomic Leather Mug is a Beauty & Health. Priced at $458.73.
PROD1128,Ergonomic Plastic Shirt,Apparel,173.08,The Ergonomic Plastic Shirt is a Beauty & Health. Priced at $173.08.
PROD1129,Ergonomic Cotton Chair,Home & Kitchen,175.04,The Ergonomic Cotton Chair is a Home & Kitchen. Priced at $175.04.
PROD1130,Durable Ceramic Chair,Home & Kitchen,100.78,The Durable Ceramic Chair is a Electronics. Priced at $100.78.
PROD1131,Handcrafted Steel Desk,Home & Kitchen,829.68,The Handcrafted Steel Desk is a Electronics. Priced at $829.68.
PROD1132,Handcrafted Leather Watch,Electronics,785.1,"The Handcrafted Leather Watch is a Beauty & Health. Priced at $785.10. Additionally, it offers smart notifications and app integration and features fitness and health tracking sensors."
PROD1133,Sleek Cotton Keyboard,Electronics,13.49,The Sleek Cotton Keyboard is a Electronics. Priced at $13.49.
PROD1134,Durable Steel Watch,Electronics,221.71,"The Durable Steel Watch is a Books. Priced at $221.71. Additionally, it water-resistant design suitable for daily use and features fitness and health tracking sensors."
PROD1135,Ergonomic Granite Watch,Electronics,388.88,"The Ergonomic Granite Watch is a Sports & Outdoors. Priced at $388.88. Additionally, it features fitness and health tracking sensors and water-resistant design suitable for daily use."
PROD1136,Rustic Cotton Shirt,Apparel,142.29,The Rustic Cotton Shirt is a Home & Kitchen. Priced at $142.29.
PROD1137,Sleek Ceramic Watch,Electronics,827.6,"The Sleek Ceramic Watch is a Sports & Outdoors. Priced at $827.60. Additionally, it offers smart notifications and app integration and features fitness and health tracking sensors."
PROD1138,Lightweight Cotton Desk,Home & Kitchen,272.36,The Lightweight Cotton Desk is a Sports & Outdoors. Priced at $272.36.
PROD1139,Rustic Plastic Bookend,Home & Kitchen,896.19,The Rustic Plastic Bookend is a Beauty & Health. Priced at $896.19.
PROD1140,Sleek Granite Desk,Home & Kitchen,281.54,The Sleek Granite Desk is a Sports & Outdoors. Priced at $281.54.
PROD1141,Ergonomic Leather Headphones,Electronics,350.15,"The Ergonomic Leather Headphones is a Apparel. Priced at $350.15. Additionally, it provides up to 30 hours of battery life and delivers deep bass and crisp highs."
PROD1142,Intelligent Leather Mug,Home & Kitchen,50.78,The Intelligent Leather Mug is a Home & Kitchen. Priced at $50.78.
PROD1143,Modern Leather Headphones,Electronics,64.12,"The Modern Leather Headphones is a Home & Kitchen. Priced at $64.12. Additionally, it offers active noise cancellation and features Dolby Atmos support for immersive 3D sound."
PROD1144,Modern Leather Bookend,Home & Kitchen,62.34,The Modern Leather Bookend is a Electronics. Priced at $62.34.
PROD1145,Sleek Plastic Keyboard,Electronics,556.58,The Sleek Plastic Keyboard is a Sports & Outdoors. Priced at $556.58.
PROD1146,Durable Steel Mug,Home & Kitchen,387.87,The Durable Steel Mug is a Books. Priced at $387.87.
PROD1147,Intelligent Wooden Mug,Home & Kitchen,121.88,The Intelligent Wooden Mug is a Home & Kitchen. Priced at $121.88.
PROD1148,Ergonomic Steel Watch,Electronics,429.64,"The Ergonomic Steel Watch is a Apparel. Priced at $429.64. Additionally, it water-resistant design suitable for daily use and offers smart notifications and app integration."
PROD1149,Modern Plastic Desk,Home & Kitchen,354.04,The Modern Plastic Desk is a Apparel. Priced at $354.04.
PROD1150,Modern Wooden Chair,Home & Kitchen,210.8,The Modern Wooden Chair is a Apparel. Priced at $210.80.
PROD1151,Ergonomic Granite Lamp,Electronics,575.46,The Ergonomic Granite Lamp is a Books. Priced at $575.46.
PROD1152,Durable Plastic Shirt,Apparel,476.15,The Durable Plastic Shirt is a Home & Kitchen. Priced at $476.15.
PROD1153,Sleek Ceramic Mug,Home & Kitchen,329.01,The Sleek Ceramic Mug is a Apparel. Priced at $329.01.
PROD1154,Lightweight Wooden Keyboard,Electronics,511.68,The Lightweight Wooden Keyboard is a Beauty & Health. Priced at $511.68.
PROD1155,Rustic Plastic Mug,Home & Kitchen,51.34,The Rustic Plastic Mug is a Beauty & Health. Priced at $51.34.
PROD1156,Durable Steel Bookend,Home & Kitchen,428.16,The Durable Steel Bookend is a Beauty & Health. Priced at $428.16.
PROD1157,Lightweight Granite Chair,Home & Kitchen,597.1,The Lightweight Granite Chair is a Beauty & Health. Priced at $597.10.
PROD1158,Handcrafted Ceramic Chair,Home & Kitchen,25.62,The Handcrafted Ceramic Chair is a Sports & Outdoors. Priced at $25.62.
PROD1159,Ergonomic Steel Bookend,Home & Kitchen,486.78,The Ergonomic Steel Bookend is a Sports & Outdoors. Priced at $486.78.
PROD1160,Durable Plastic Desk,Home & Kitchen,547.17,The Durable Plastic Desk is a Apparel. Priced at $547.17.
PROD1161,Lightweight Ceramic Keyboard,Electronics,15.68,The Lightweight Ceramic Keyboard is a Apparel. Priced at $15.68.
PROD1162,Rustic Ceramic Mug,Home & Kitchen,889.06,The Rustic Ceramic Mug is a Apparel. Priced at $889.06.
PROD1163,Handcrafted Ceramic Watch,Electronics,83.4,"The Handcrafted Ceramic Watch is a Home & Kitchen. Priced at $83.40. Additionally, it features fitness and health tracking sensors and water-resistant design suitable for daily use."
PROD1164,Durable Wooden Bookend,Home & Kitchen,241.09,The Durable Wooden Bookend is a Home & Kitchen. Priced at $241.09.
PROD1165,Lightweight Granite Shirt,Apparel,299.53,The Lightweight Granite Shirt is a Home & Kitchen. Priced at $299.53.
PROD1166,Durable Steel Keyboard,Electronics,865.61,The Durable Steel Keyboard is a Books. Priced at $865.61.
PROD1167,Rustic Ceramic Mug,Home & Kitchen,619.42,The Rustic Ceramic Mug is a Home & Kitchen. Priced at $619.42.
PROD1168,Ergonomic Granite Keyboard,Electronics,485.97,The Ergonomic Granite Keyboard is a Sports & Outdoors. Priced at $485.97.
PROD1169,Lightweight Leather Headphones,Electronics,281.85,"The Lightweight Leather Headphones is a Apparel. Priced at $281.85. Additionally, it offers active noise cancellation and provides up to 30 hours of battery life."
PROD1170,Sleek Cotton Bookend,Home & Kitchen,682.93,The Sleek Cotton Bookend is a Sports & Outdoors. Priced at $682.93.
PROD1171,Modern Ceramic Shirt,Apparel,233.56,The Modern Ceramic Shirt is a Apparel. Priced at $233.56.
PROD1172,Intelligent Plastic Lamp,Electronics,202.52,The Intelligent Plastic Lamp is a Electronics. Priced at $202.52.
PROD1173,Sleek Wooden Mug,Home & Kitchen,294.5,The Sleek Wooden Mug is a Sports & Outdoors. Priced at $294.50.
PROD1174,Intelligent Leather Shirt,Apparel,118.61,The Intelligent Leather Shirt is a Books. Priced at $118.61.
PROD1175,Handcrafted Plastic Lamp,Electronics,511.37,The Handcrafted Plastic Lamp is a Beauty & Health. Priced at $511.37.
PROD1176,Sleek Granite Headphones,Electronics,270.35,"The Sleek Granite Headphones is a Sports & Outdoors. Priced at $270.35. Additionally, it delivers deep bass and crisp highs and provides up to 30 hours of battery life."
PROD1177,Durable Ceramic Headphones,Electronics,512.54,"The Durable Ceramic Headphones is a Electronics. Priced at $512.54. Additionally, it features Dolby Atmos support for immersive 3D sound and offers active noise cancellation."
PROD1178,Ergonomic Wooden Lamp,Electronics,695.65,The Ergonomic Wooden Lamp is a Electronics. Priced at $695.65.
PROD1179,Modern Wooden Headphones,Electronics,238.37,"The Modern Wooden Headphones is a Apparel. Priced at $238.37. Additionally, it offers active noise cancellation and delivers deep bass and crisp highs."
PROD1180,Handcrafted Ceramic Watch,Electronics,208.12,"The Handcrafted Ceramic Watch is a Books. Priced at $208.12. Additionally, it features fitness and health tracking sensors and offers smart notifications and app integration."
PROD1181,Durable Wooden Chair,Home & Kitchen,148.29,The Durable Wooden Chair is a Apparel. Priced at $148.29.
PROD1182,Lightweight Ceramic Shirt,Apparel,860.39,The Lightweight Ceramic Shirt is a Beauty & Health. Priced at $860.39.
PROD1183,Sleek Granite Desk,Home & Kitchen,320.11,The Sleek Granite Desk is a Beauty & Health. Priced at $320.11.
PROD1184,Durable Granite Keyboard,Electronics,854.63,The Durable Granite Keyboard is a Beauty & Health. Priced at $854.63.
PROD1185,Durable Ceramic Mug,Home & Kitchen,872.15,The Durable Ceramic Mug is a Home & Kitchen. Priced at $872.15.
PROD1186,Durable Ceramic Headphones,Electronics,503.69,"The Durable Ceramic Headphones is a Beauty & Health. Priced at $503.69. Additionally, it delivers deep bass and crisp highs and features Dolby Atmos support for immersive 3D sound."
PROD1187,Modern Wooden Lamp,Electronics,832.06,The Modern Wooden Lamp is a Electronics. Priced at $832.06.
PROD1188,Rustic Cotton Keyboard,Electronics,369.94,The Rustic Cotton Keyboard is a Home & Kitchen. Priced at $369.94.
PROD1189,Durable Cotton Mug,Home & Kitchen,396.75,The Durable Cotton Mug is a Sports & Outdoors. Priced at $396.75.
PROD1190,Intelligent Leather Watch,Electronics,468.96,"The Intelligent Leather Watch is a Sports & Outdoors. Priced at $468.96. Additionally, it offers smart notifications and app integration and water-resistant design suitable for daily use."
PROD1191,Lightweight Cotton Mug,Home & Kitchen,128.76,The Lightweight Cotton Mug is a Apparel. Priced at $128.76.
PROD1192,Sleek Ceramic Headphones,Electronics,226.2,"The Sleek Ceramic Headphones is a Home & Kitchen. Priced at $226.20. Additionally, it features Dolby Atmos support for immersive 3D sound and provides up to 30 hours of battery life."
PROD1193,Rustic Plastic Watch,Electronics,777.1,"The Rustic Plastic Watch is a Electronics. Priced at $777.10. Additionally, it features fitness and health tracking sensors and water-resistant design suitable for daily use."
PROD1194,Handcrafted Leather Lamp,Electronics,705.49,The Handcrafted Leather Lamp is a Electronics. Priced at $705.49.
PROD1195,Intelligent Ceramic Shirt,Apparel,639.82,The Intelligent Ceramic Shirt is a Home & Kitchen. Priced at $639.82.
PROD1196,Intelligent Granite Lamp,Electronics,513.35,The Intelligent Granite Lamp is a Beauty & Health. Priced at $513.35.
PROD1197,Ergonomic Wooden Bookend,Home & Kitchen,555.54,The Ergonomic Wooden Bookend is a Home & Kitchen. Priced at $555.54.
PROD1198,Modern Ceramic Desk,Home & Kitchen,814.63,The Modern Ceramic Desk is a Apparel. Priced at $814.63.
PROD1199,Rustic Cotton Keyboard,Electronics,868.38,The Rustic Cotton Keyboard is a Home & Kitchen. Priced at $868.38.
PROD1200,Handcrafted Steel Mug,Home & Kitchen,544.77,The Handcrafted Steel Mug is a Books. Priced at $544.77.
